minCarat,maxCarat,color,clarity,factor
0.01,0.03,D-F,IF-VVS,8.3
0.01,0.03,G-H,IF-VVS,7.1
0.01,0.03,I-J,IF-VVS,6.1
0.01,0.03,K-L,IF-VVS,4.4
0.01,0.03,M-N,IF-VVS,2.9
0.01,0.03,D-F,VS,7.3
0.01,0.03,G-H,VS,6.4
0.01,0.03,I-J,VS,5.5
0.01,0.03,K-L,VS,3.9
0.01,0.03,M-N,VS,2.6
0.01,0.03,D-F,SI1,6.4
0.01,0.03,G-H,SI1,5.7
0.01,0.03,I-J,SI1,4.9
0.01,0.03,K-L,SI1,3.4
0.01,0.03,M-N,SI1,2.3
0.01,0.03,D-F,SI2,5.6
0.01,0.03,G-H,SI2,5
0.01,0.03,I-J,SI2,4.4
0.01,0.03,K-L,SI2,3.1
0.01,0.03,M-N,SI2,2
0.01,0.03,D-F,SI3,4.9
0.01,0.03,G-H,SI3,4.4
0.01,0.03,I-J,SI3,4
0.01,0.03,K-L,SI3,2.8
0.01,0.03,M-N,SI3,1.8
0.01,0.03,D-F,I1,4.3
0.01,0.03,G-H,I1,3.8
0.01,0.03,I-J,I1,3.4
0.01,0.03,K-L,I1,2.5
0.01,0.03,M-N,I1,1.6
0.01,0.03,D-F,I2,3.5
0.01,0.03,G-H,I2,3.1
0.01,0.03,I-J,I2,2.8
0.01,0.03,K-L,I2,2
0.01,0.03,M-N,I2,1.4
0.01,0.03,D-F,I3,2.8
0.01,0.03,G-H,I3,2.6
0.01,0.03,I-J,I3,2.4
0.01,0.03,K-L,I3,1.6
0.01,0.03,M-N,I3,1.2
0.04,0.07,D-F,IF-VVS,9
0.04,0.07,G-H,IF-VVS,7.7
0.04,0.07,I-J,IF-VVS,6.5
0.04,0.07,K-L,IF-VVS,4.7
0.04,0.07,M-N,IF-VVS,3.1
0.04,0.07,D-F,VS,7.9
0.04,0.07,G-H,VS,6.9
0.04,0.07,I-J,VS,5.9
0.04,0.07,K-L,VS,4.2
0.04,0.07,M-N,VS,2.8
0.04,0.07,D-F,SI1,6.8
0.04,0.07,G-H,SI1,6.2
0.04,0.07,I-J,SI1,5.4
0.04,0.07,K-L,SI1,3.8
0.04,0.07,M-N,SI1,2.4
0.04,0.07,D-F,SI2,6
0.04,0.07,G-H,SI2,5.5
0.04,0.07,I-J,SI2,4.8
0.04,0.07,K-L,SI2,3.4
0.04,0.07,M-N,SI2,2.1
0.04,0.07,D-F,SI3,5.3
0.04,0.07,G-H,SI3,4.9
0.04,0.07,I-J,SI3,4.4
0.04,0.07,K-L,SI3,3.1
0.04,0.07,M-N,SI3,1.9
0.04,0.07,D-F,I1,4.8
0.04,0.07,G-H,I1,4.4
0.04,0.07,I-J,I1,4
0.04,0.07,K-L,I1,2.7
0.04,0.07,M-N,I1,1.7
0.04,0.07,D-F,I2,4
0.04,0.07,G-H,I2,3.6
0.04,0.07,I-J,I2,3.2
0.04,0.07,K-L,I2,2.2
0.04,0.07,M-N,I2,1.5
0.04,0.07,D-F,I3,3.1
0.04,0.07,G-H,I3,2.8
0.04,0.07,I-J,I3,2.6
0.04,0.07,K-L,I3,1.7
0.04,0.07,M-N,I3,1.3
0.08,0.14,D-F,IF-VVS,10.6
0.08,0.14,G-H,IF-VVS,8.8
0.08,0.14,I-J,IF-VVS,7.6
0.08,0.14,K-L,IF-VVS,6.3
0.08,0.14,M-N,IF-VVS,4.1
0.08,0.14,D-F,VS,9.6
0.08,0.14,G-H,VS,8.2
0.08,0.14,I-J,VS,7
0.08,0.14,K-L,VS,5.6
0.08,0.14,M-N,VS,3.7
0.08,0.14,D-F,SI1,8.5
0.08,0.14,G-H,SI1,7.7
0.08,0.14,I-J,SI1,6.5
0.08,0.14,K-L,SI1,5
0.08,0.14,M-N,SI1,3.3
0.08,0.14,D-F,SI2,7.6
0.08,0.14,G-H,SI2,6.9
0.08,0.14,I-J,SI2,5.8
0.08,0.14,K-L,SI2,4.3
0.08,0.14,M-N,SI2,2.9
0.08,0.14,D-F,SI3,6.8
0.08,0.14,G-H,SI3,6.2
0.08,0.14,I-J,SI3,5.1
0.08,0.14,K-L,SI3,3.8
0.08,0.14,M-N,SI3,2.6
0.08,0.14,D-F,I1,5.7
0.08,0.14,G-H,I1,5.2
0.08,0.14,I-J,I1,4.5
0.08,0.14,K-L,I1,3.4
0.08,0.14,M-N,I1,2.2
0.08,0.14,D-F,I2,4.8
0.08,0.14,G-H,I2,4.3
0.08,0.14,I-J,I2,3.7
0.08,0.14,K-L,I2,2.8
0.08,0.14,M-N,I2,1.9
0.08,0.14,D-F,I3,4
0.08,0.14,G-H,I3,3.6
0.08,0.14,I-J,I3,3.2
0.08,0.14,K-L,I3,2.3
0.08,0.14,M-N,I3,1.6
0.15,0.17,D-F,IF-VVS,12.5
0.15,0.17,G-H,IF-VVS,10.5
0.15,0.17,I-J,IF-VVS,8.5
0.15,0.17,K-L,IF-VVS,6.9
0.15,0.17,M-N,IF-VVS,5
0.15,0.17,D-F,VS,11.1
0.15,0.17,G-H,VS,9.6
0.15,0.17,I-J,VS,7.7
0.15,0.17,K-L,VS,6.2
0.15,0.17,M-N,VS,4.5
0.15,0.17,D-F,SI1,9.8
0.15,0.17,G-H,SI1,8.5
0.15,0.17,I-J,SI1,7
0.15,0.17,K-L,SI1,5.3
0.15,0.17,M-N,SI1,3.9
0.15,0.17,D-F,SI2,8.5
0.15,0.17,G-H,SI2,7.5
0.15,0.17,I-J,SI2,6.2
0.15,0.17,K-L,SI2,4.6
0.15,0.17,M-N,SI2,3.5
0.15,0.17,D-F,SI3,7.6
0.15,0.17,G-H,SI3,6.7
0.15,0.17,I-J,SI3,5.4
0.15,0.17,K-L,SI3,4.1
0.15,0.17,M-N,SI3,3.1
0.15,0.17,D-F,I1,6.4
0.15,0.17,G-H,I1,5.7
0.15,0.17,I-J,I1,4.8
0.15,0.17,K-L,I1,3.7
0.15,0.17,M-N,I1,2.6
0.15,0.17,D-F,I2,5.2
0.15,0.17,G-H,I2,4.7
0.15,0.17,I-J,I2,4
0.15,0.17,K-L,I2,3.1
0.15,0.17,M-N,I2,2.2
0.15,0.17,D-F,I3,4.4
0.15,0.17,G-H,I3,4
0.15,0.17,I-J,I3,3.6
0.15,0.17,K-L,I3,2.6
0.15,0.17,M-N,I3,1.8
0.18,0.22,D-F,IF-VVS,13.4
0.18,0.22,G-H,IF-VVS,11.5
0.18,0.22,I-J,IF-VVS,9.7
0.18,0.22,K-L,IF-VVS,8.2
0.18,0.22,M-N,IF-VVS,6.6
0.18,0.22,D-F,VS,12.1
0.18,0.22,G-H,VS,10.4
0.18,0.22,I-J,VS,8.4
0.18,0.22,K-L,VS,7
0.18,0.22,M-N,VS,5.6
0.18,0.22,D-F,SI1,10.7
0.18,0.22,G-H,SI1,9.3
0.18,0.22,I-J,SI1,7.6
0.18,0.22,K-L,SI1,6.2
0.18,0.22,M-N,SI1,4.8
0.18,0.22,D-F,SI2,9.2
0.18,0.22,G-H,SI2,8.2
0.18,0.22,I-J,SI2,6.7
0.18,0.22,K-L,SI2,5.2
0.18,0.22,M-N,SI2,4.1
0.18,0.22,D-F,SI3,8.2
0.18,0.22,G-H,SI3,7.3
0.18,0.22,I-J,SI3,5.9
0.18,0.22,K-L,SI3,4.6
0.18,0.22,M-N,SI3,3.6
0.18,0.22,D-F,I1,6.9
0.18,0.22,G-H,I1,6.3
0.18,0.22,I-J,I1,5.2
0.18,0.22,K-L,I1,4
0.18,0.22,M-N,I1,2.9
0.18,0.22,D-F,I2,5.6
0.18,0.22,G-H,I2,5.1
0.18,0.22,I-J,I2,4.3
0.18,0.22,K-L,I2,3.4
0.18,0.22,M-N,I2,2.4
0.18,0.22,D-F,I3,4.8
0.18,0.22,G-H,I3,4.3
0.18,0.22,I-J,I3,3.9
0.18,0.22,K-L,I3,2.8
0.18,0.22,M-N,I3,2
0.23,0.29,D-F,IF-VVS,16
0.23,0.29,G-H,IF-VVS,13.1
0.23,0.29,I-J,IF-VVS,10.9
0.23,0.29,K-L,IF-VVS,9.2
0.23,0.29,M-N,IF-VVS,7.8
0.23,0.29,D-F,VS,14.4
0.23,0.29,G-H,VS,11.7
0.23,0.29,I-J,VS,9.8
0.23,0.29,K-L,VS,8
0.23,0.29,M-N,VS,6.7
0.23,0.29,D-F,SI1,12
0.23,0.29,G-H,SI1,10.3
0.23,0.29,I-J,SI1,8.8
0.23,0.29,K-L,SI1,7
0.23,0.29,M-N,SI1,5.6
0.23,0.29,D-F,SI2,10.1
0.23,0.29,G-H,SI2,8.9
0.23,0.29,I-J,SI2,7.5
0.23,0.29,K-L,SI2,6.1
0.23,0.29,M-N,SI2,4.9
0.23,0.29,D-F,SI3,8.8
0.23,0.29,G-H,SI3,7.8
0.23,0.29,I-J,SI3,6.5
0.23,0.29,K-L,SI3,5.4
0.23,0.29,M-N,SI3,4.4
0.23,0.29,D-F,I1,7.6
0.23,0.29,G-H,I1,6.9
0.23,0.29,I-J,I1,5.6
0.23,0.29,K-L,I1,4.4
0.23,0.29,M-N,I1,3.6
0.23,0.29,D-F,I2,6
0.23,0.29,G-H,I2,5.5
0.23,0.29,I-J,I2,4.7
0.23,0.29,K-L,I2,3.7
0.23,0.29,M-N,I2,2.8
0.23,0.29,D-F,I3,5.1
0.23,0.29,G-H,I3,4.6
0.23,0.29,I-J,I3,4.2
0.23,0.29,K-L,I3,3
0.23,0.29,M-N,I3,2.2
0.3,0.39,D,IF,31
0.3,0.39,E,IF,26
0.3,0.39,F,IF,23
0.3,0.39,G,IF,20
0.3,0.39,H,IF,17
0.3,0.39,I,IF,15
0.3,0.39,J,IF,13
0.3,0.39,K,IF,12
0.3,0.39,L,IF,11
0.3,0.39,M,IF,10
0.3,0.39,D,VVS1,24
0.3,0.39,E,VVS1,22
0.3,0.39,F,VVS1,20
0.3,0.39,G,VVS1,18
0.3,0.39,H,VVS1,16
0.3,0.39,I,VVS1,14
0.3,0.39,J,VVS1,12
0.3,0.39,K,VVS1,11
0.3,0.39,L,VVS1,10
0.3,0.39,M,VVS1,9
0.3,0.39,D,VVS2,21
0.3,0.39,E,VVS2,19
0.3,0.39,F,VVS2,18
0.3,0.39,G,VVS2,16
0.3,0.39,H,VVS2,15
0.3,0.39,I,VVS2,13
0.3,0.39,J,VVS2,11
0.3,0.39,K,VVS2,10
0.3,0.39,L,VVS2,9
0.3,0.39,M,VVS2,9
0.3,0.39,D,VS1,19
0.3,0.39,E,VS1,17
0.3,0.39,F,VS1,16
0.3,0.39,G,VS1,15
0.3,0.39,H,VS1,14
0.3,0.39,I,VS1,12
0.3,0.39,J,VS1,11
0.3,0.39,K,VS1,9
0.3,0.39,L,VS1,8
0.3,0.39,M,VS1,8
0.3,0.39,D,VS2,17
0.3,0.39,E,VS2,16
0.3,0.39,F,VS2,15
0.3,0.39,G,VS2,14
0.3,0.39,H,VS2,13
0.3,0.39,I,VS2,11
0.3,0.39,J,VS2,10
0.3,0.39,K,VS2,9
0.3,0.39,L,VS2,8
0.3,0.39,M,VS2,8
0.3,0.39,D,SI1,15
0.3,0.39,E,SI1,14
0.3,0.39,F,SI1,13
0.3,0.39,G,SI1,13
0.3,0.39,H,SI1,12
0.3,0.39,I,SI1,11
0.3,0.39,J,SI1,10
0.3,0.39,K,SI1,9
0.3,0.39,L,SI1,8
0.3,0.39,M,SI1,8
0.3,0.39,D,SI2,14
0.3,0.39,E,SI2,13
0.3,0.39,F,SI2,12
0.3,0.39,G,SI2,12
0.3,0.39,H,SI2,11
0.3,0.39,I,SI2,10
0.3,0.39,J,SI2,10
0.3,0.39,K,SI2,9
0.3,0.39,L,SI2,8
0.3,0.39,M,SI2,7
0.3,0.39,D,SI3,13
0.3,0.39,E,SI3,12
0.3,0.39,F,SI3,11
0.3,0.39,G,SI3,11
0.3,0.39,H,SI3,10
0.3,0.39,I,SI3,9
0.3,0.39,J,SI3,9
0.3,0.39,K,SI3,8
0.3,0.39,L,SI3,7
0.3,0.39,M,SI3,6
0.3,0.39,D,I1,12
0.3,0.39,E,I1,11
0.3,0.39,F,I1,11
0.3,0.39,G,I1,10
0.3,0.39,H,I1,9
0.3,0.39,I,I1,8
0.3,0.39,J,I1,8
0.3,0.39,K,I1,7
0.3,0.39,L,I1,6
0.3,0.39,M,I1,5
0.3,0.39,D,I2,11
0.3,0.39,E,I2,10
0.3,0.39,F,I2,10
0.3,0.39,G,I2,9
0.3,0.39,H,I2,8
0.3,0.39,I,I2,7
0.3,0.39,J,I2,7
0.3,0.39,K,I2,6
0.3,0.39,L,I2,5
0.3,0.39,M,I2,4
0.3,0.39,D,I3,7
0.3,0.39,E,I3,6
0.3,0.39,F,I3,6
0.3,0.39,G,I3,5
0.3,0.39,H,I3,5
0.3,0.39,I,I3,5
0.3,0.39,J,I3,4
0.3,0.39,K,I3,4
0.3,0.39,L,I3,3
0.3,0.39,M,I3,3
0.4,0.49,D,IF,35
0.4,0.49,E,IF,29
0.4,0.49,F,IF,26
0.4,0.49,G,IF,23
0.4,0.49,H,IF,20
0.4,0.49,I,IF,18
0.4,0.49,J,IF,16
0.4,0.49,K,IF,14
0.4,0.49,L,IF,13
0.4,0.49,M,IF,12
0.4,0.49,D,VVS1,28
0.4,0.49,E,VVS1,25
0.4,0.49,F,VVS1,23
0.4,0.49,G,VVS1,20
0.4,0.49,H,VVS1,18
0.4,0.49,I,VVS1,16
0.4,0.49,J,VVS1,14
0.4,0.49,K,VVS1,13
0.4,0.49,L,VVS1,12
0.4,0.49,M,VVS1,11
0.4,0.49,D,VVS2,24
0.4,0.49,E,VVS2,22
0.4,0.49,F,VVS2,21
0.4,0.49,G,VVS2,19
0.4,0.49,H,VVS2,17
0.4,0.49,I,VVS2,15
0.4,0.49,J,VVS2,13
0.4,0.49,K,VVS2,12
0.4,0.49,L,VVS2,11
0.4,0.49,M,VVS2,10
0.4,0.49,D,VS1,22
0.4,0.49,E,VS1,20
0.4,0.49,F,VS1,19
0.4,0.49,G,VS1,18
0.4,0.49,H,VS1,16
0.4,0.49,I,VS1,14
0.4,0.49,J,VS1,13
0.4,0.49,K,VS1,11
0.4,0.49,L,VS1,10
0.4,0.49,M,VS1,9
0.4,0.49,D,VS2,20
0.4,0.49,E,VS2,19
0.4,0.49,F,VS2,18
0.4,0.49,G,VS2,17
0.4,0.49,H,VS2,15
0.4,0.49,I,VS2,13
0.4,0.49,J,VS2,12
0.4,0.49,K,VS2,11
0.4,0.49,L,VS2,10
0.4,0.49,M,VS2,9
0.4,0.49,D,SI1,18
0.4,0.49,E,SI1,17
0.4,0.49,F,SI1,16
0.4,0.49,G,SI1,15
0.4,0.49,H,SI1,14
0.4,0.49,I,SI1,12
0.4,0.49,J,SI1,11
0.4,0.49,K,SI1,10
0.4,0.49,L,SI1,9
0.4,0.49,M,SI1,9
0.4,0.49,D,SI2,16
0.4,0.49,E,SI2,15
0.4,0.49,F,SI2,14
0.4,0.49,G,SI2,13
0.4,0.49,H,SI2,12
0.4,0.49,I,SI2,11
0.4,0.49,J,SI2,11
0.4,0.49,K,SI2,10
0.4,0.49,L,SI2,9
0.4,0.49,M,SI2,8
0.4,0.49,D,SI3,15
0.4,0.49,E,SI3,14
0.4,0.49,F,SI3,13
0.4,0.49,G,SI3,12
0.4,0.49,H,SI3,11
0.4,0.49,I,SI3,10
0.4,0.49,J,SI3,10
0.4,0.49,K,SI3,9
0.4,0.49,L,SI3,8
0.4,0.49,M,SI3,7
0.4,0.49,D,I1,14
0.4,0.49,E,I1,13
0.4,0.49,F,I1,12
0.4,0.49,G,I1,11
0.4,0.49,H,I1,10
0.4,0.49,I,I1,9
0.4,0.49,J,I1,9
0.4,0.49,K,I1,8
0.4,0.49,L,I1,7
0.4,0.49,M,I1,6
0.4,0.49,D,I2,12
0.4,0.49,E,I2,11
0.4,0.49,F,I2,11
0.4,0.49,G,I2,10
0.4,0.49,H,I2,9
0.4,0.49,I,I2,8
0.4,0.49,J,I2,8
0.4,0.49,K,I2,7
0.4,0.49,L,I2,6
0.4,0.49,M,I2,5
0.4,0.49,D,I3,8
0.4,0.49,E,I3,7
0.4,0.49,F,I3,7
0.4,0.49,G,I3,6
0.4,0.49,H,I3,6
0.4,0.49,I,I3,6
0.4,0.49,J,I3,5
0.4,0.49,K,I3,5
0.4,0.49,L,I3,4
0.4,0.49,M,I3,4
0.5,0.69,D,IF,55
0.5,0.69,E,IF,44
0.5,0.69,F,IF,38
0.5,0.69,G,IF,32
0.5,0.69,H,IF,26
0.5,0.69,I,IF,23
0.5,0.69,J,IF,19
0.5,0.69,K,IF,16
0.5,0.69,L,IF,15
0.5,0.69,M,IF,14
0.5,0.69,D,VVS1,44
0.5,0.69,E,VVS1,38
0.5,0.69,F,VVS1,33
0.5,0.69,G,VVS1,28
0.5,0.69,H,VVS1,23
0.5,0.69,I,VVS1,20
0.5,0.69,J,VVS1,17
0.5,0.69,K,VVS1,15
0.5,0.69,L,VVS1,14
0.5,0.69,M,VVS1,13
0.5,0.69,D,VVS2,34
0.5,0.69,E,VVS2,31
0.5,0.69,F,VVS2,28
0.5,0.69,G,VVS2,25
0.5,0.69,H,VVS2,22
0.5,0.69,I,VVS2,19
0.5,0.69,J,VVS2,16
0.5,0.69,K,VVS2,14
0.5,0.69,L,VVS2,13
0.5,0.69,M,VVS2,12
0.5,0.69,D,VS1,28
0.5,0.69,E,VS1,26
0.5,0.69,F,VS1,24
0.5,0.69,G,VS1,23
0.5,0.69,H,VS1,21
0.5,0.69,I,VS1,18
0.5,0.69,J,VS1,15
0.5,0.69,K,VS1,13
0.5,0.69,L,VS1,12
0.5,0.69,M,VS1,11
0.5,0.69,D,VS2,25
0.5,0.69,E,VS2,23
0.5,0.69,F,VS2,22
0.5,0.69,G,VS2,21
0.5,0.69,H,VS2,20
0.5,0.69,I,VS2,17
0.5,0.69,J,VS2,14
0.5,0.69,K,VS2,12
0.5,0.69,L,VS2,11
0.5,0.69,M,VS2,10
0.5,0.69,D,SI1,22
0.5,0.69,E,SI1,20
0.5,0.69,F,SI1,19
0.5,0.69,G,SI1,18
0.5,0.69,H,SI1,17
0.5,0.69,I,SI1,15
0.5,0.69,J,SI1,13
0.5,0.69,K,SI1,12
0.5,0.69,L,SI1,11
0.5,0.69,M,SI1,10
0.5,0.69,D,SI2,18
0.5,0.69,E,SI2,17
0.5,0.69,F,SI2,16
0.5,0.69,G,SI2,15
0.5,0.69,H,SI2,14
0.5,0.69,I,SI2,13
0.5,0.69,J,SI2,12
0.5,0.69,K,SI2,11
0.5,0.69,L,SI2,10
0.5,0.69,M,SI2,9
0.5,0.69,D,SI3,16
0.5,0.69,E,SI3,15
0.5,0.69,F,SI3,14
0.5,0.69,G,SI3,13
0.5,0.69,H,SI3,12
0.5,0.69,I,SI3,11
0.5,0.69,J,SI3,11
0.5,0.69,K,SI3,10
0.5,0.69,L,SI3,10
0.5,0.69,M,SI3,9
0.5,0.69,D,I1,15
0.5,0.69,E,I1,14
0.5,0.69,F,I1,13
0.5,0.69,G,I1,12
0.5,0.69,H,I1,11
0.5,0.69,I,I1,10
0.5,0.69,J,I1,10
0.5,0.69,K,I1,9
0.5,0.69,L,I1,9
0.5,0.69,M,I1,9
0.5,0.69,D,I2,14
0.5,0.69,E,I2,13
0.5,0.69,F,I2,12
0.5,0.69,G,I2,11
0.5,0.69,H,I2,11
0.5,0.69,I,I2,10
0.5,0.69,J,I2,10
0.5,0.69,K,I2,9
0.5,0.69,L,I2,8
0.5,0.69,M,I2,7
0.5,0.69,D,I3,11
0.5,0.69,E,I3,10
0.5,0.69,F,I3,10
0.5,0.69,G,I3,9
0.5,0.69,H,I3,8
0.5,0.69,I,I3,8
0.5,0.69,J,I3,7
0.5,0.69,K,I3,7
0.5,0.69,L,I3,6
0.5,0.69,M,I3,5
0.7,0.89,D,IF,70
0.7,0.89,E,IF,57
0.7,0.89,F,IF,50
0.7,0.89,G,IF,42
0.7,0.89,H,IF,34
0.7,0.89,I,IF,29
0.7,0.89,J,IF,24
0.7,0.89,K,IF,22
0.7,0.89,L,IF,20
0.7,0.89,M,IF,18
0.7,0.89,D,VVS1,56
0.7,0.89,E,VVS1,49
0.7,0.89,F,VVS1,44
0.7,0.89,G,VVS1,37
0.7,0.89,H,VVS1,30
0.7,0.89,I,VVS1,26
0.7,0.89,J,VVS1,22
0.7,0.89,K,VVS1,20
0.7,0.89,L,VVS1,18
0.7,0.89,M,VVS1,16
0.7,0.89,D,VVS2,44
0.7,0.89,E,VVS2,41
0.7,0.89,F,VVS2,39
0.7,0.89,G,VVS2,34
0.7,0.89,H,VVS2,28
0.7,0.89,I,VVS2,24
0.7,0.89,J,VVS2,20
0.7,0.89,K,VVS2,18
0.7,0.89,L,VVS2,16
0.7,0.89,M,VVS2,14
0.7,0.89,D,VS1,38
0.7,0.89,E,VS1,36
0.7,0.89,F,VS1,34
0.7,0.89,G,VS1,31
0.7,0.89,H,VS1,26
0.7,0.89,I,VS1,23
0.7,0.89,J,VS1,19
0.7,0.89,K,VS1,17
0.7,0.89,L,VS1,15
0.7,0.89,M,VS1,13
0.7,0.89,D,VS2,33
0.7,0.89,E,VS2,31
0.7,0.89,F,VS2,29
0.7,0.89,G,VS2,27
0.7,0.89,H,VS2,24
0.7,0.89,I,VS2,21
0.7,0.89,J,VS2,18
0.7,0.89,K,VS2,16
0.7,0.89,L,VS2,14
0.7,0.89,M,VS2,12
0.7,0.89,D,SI1,29
0.7,0.89,E,SI1,27
0.7,0.89,F,SI1,25
0.7,0.89,G,SI1,23
0.7,0.89,H,SI1,21
0.7,0.89,I,SI1,18
0.7,0.89,J,SI1,17
0.7,0.89,K,SI1,15
0.7,0.89,L,SI1,13
0.7,0.89,M,SI1,12
0.7,0.89,D,SI2,25
0.7,0.89,E,SI2,23
0.7,0.89,F,SI2,21
0.7,0.89,G,SI2,20
0.7,0.89,H,SI2,18
0.7,0.89,I,SI2,16
0.7,0.89,J,SI2,15
0.7,0.89,K,SI2,14
0.7,0.89,L,SI2,12
0.7,0.89,M,SI2,11
0.7,0.89,D,SI3,23
0.7,0.89,E,SI3,21
0.7,0.89,F,SI3,19
0.7,0.89,G,SI3,18
0.7,0.89,H,SI3,17
0.7,0.89,I,SI3,15
0.7,0.89,J,SI3,14
0.7,0.89,K,SI3,13
0.7,0.89,L,SI3,12
0.7,0.89,M,SI3,11
0.7,0.89,D,I1,21
0.7,0.89,E,I1,19
0.7,0.89,F,I1,18
0.7,0.89,G,I1,17
0.7,0.89,H,I1,16
0.7,0.89,I,I1,14
0.7,0.89,J,I1,13
0.7,0.89,K,I1,12
0.7,0.89,L,I1,12
0.7,0.89,M,I1,11
0.7,0.89,D,I2,19
0.7,0.89,E,I2,18
0.7,0.89,F,I2,17
0.7,0.89,G,I2,16
0.7,0.89,H,I2,15
0.7,0.89,I,I2,14
0.7,0.89,J,I2,13
0.7,0.89,K,I2,11
0.7,0.89,L,I2,9
0.7,0.89,M,I2,8
0.7,0.89,D,I3,12
0.7,0.89,E,I3,11
0.7,0.89,F,I3,11
0.7,0.89,G,I3,10
0.7,0.89,H,I3,9
0.7,0.89,I,I3,9
0.7,0.89,J,I3,8
0.7,0.89,K,I3,8
0.7,0.89,L,I3,7
0.7,0.89,M,I3,6
0.9,0.99,D,IF,104
0.9,0.99,E,IF,90
0.9,0.99,F,IF,82
0.9,0.99,G,IF,65
0.9,0.99,H,IF,50
0.9,0.99,I,IF,45
0.9,0.99,J,IF,37
0.9,0.99,K,IF,32
0.9,0.99,L,IF,27
0.9,0.99,M,IF,24
0.9,0.99,D,VVS1,89
0.9,0.99,E,VVS1,77
0.9,0.99,F,VVS1,71
0.9,0.99,G,VVS1,57
0.9,0.99,H,VVS1,46
0.9,0.99,I,VVS1,41
0.9,0.99,J,VVS1,34
0.9,0.99,K,VVS1,30
0.9,0.99,L,VVS1,25
0.9,0.99,M,VVS1,22
0.9,0.99,D,VVS2,67
0.9,0.99,E,VVS2,62
0.9,0.99,F,VVS2,57
0.9,0.99,G,VVS2,49
0.9,0.99,H,VVS2,42
0.9,0.99,I,VVS2,37
0.9,0.99,J,VVS2,31
0.9,0.99,K,VVS2,28
0.9,0.99,L,VVS2,23
0.9,0.99,M,VVS2,20
0.9,0.99,D,VS1,57
0.9,0.99,E,VS1,52
0.9,0.99,F,VS1,48
0.9,0.99,G,VS1,43
0.9,0.99,H,VS1,37
0.9,0.99,I,VS1,33
0.9,0.99,J,VS1,28
0.9,0.99,K,VS1,25
0.9,0.99,L,VS1,21
0.9,0.99,M,VS1,19
0.9,0.99,D,VS2,49
0.9,0.99,E,VS2,45
0.9,0.99,F,VS2,42
0.9,0.99,G,VS2,39
0.9,0.99,H,VS2,34
0.9,0.99,I,VS2,30
0.9,0.99,J,VS2,26
0.9,0.99,K,VS2,23
0.9,0.99,L,VS2,19
0.9,0.99,M,VS2,17
0.9,0.99,D,SI1,40
0.9,0.99,E,SI1,36
0.9,0.99,F,SI1,34
0.9,0.99,G,SI1,31
0.9,0.99,H,SI1,29
0.9,0.99,I,SI1,26
0.9,0.99,J,SI1,23
0.9,0.99,K,SI1,21
0.9,0.99,L,SI1,18
0.9,0.99,M,SI1,16
0.9,0.99,D,SI2,32
0.9,0.99,E,SI2,29
0.9,0.99,F,SI2,26
0.9,0.99,G,SI2,25
0.9,0.99,H,SI2,24
0.9,0.99,I,SI2,22
0.9,0.99,J,SI2,21
0.9,0.99,K,SI2,19
0.9,0.99,L,SI2,17
0.9,0.99,M,SI2,15
0.9,0.99,D,SI3,28
0.9,0.99,E,SI3,26
0.9,0.99,F,SI3,24
0.9,0.99,G,SI3,23
0.9,0.99,H,SI3,23
0.9,0.99,I,SI3,21
0.9,0.99,J,SI3,20
0.9,0.99,K,SI3,18
0.9,0.99,L,SI3,17
0.9,0.99,M,SI3,15
0.9,0.99,D,I1,27
0.9,0.99,E,I1,25
0.9,0.99,F,I1,23
0.9,0.99,G,I1,22
0.9,0.99,H,I1,22
0.9,0.99,I,I1,20
0.9,0.99,J,I1,19
0.9,0.99,K,I1,17
0.9,0.99,L,I1,16
0.9,0.99,M,I1,14
0.9,0.99,D,I2,22
0.9,0.99,E,I2,21
0.9,0.99,F,I2,20
0.9,0.99,G,I2,19
0.9,0.99,H,I2,18
0.9,0.99,I,I2,17
0.9,0.99,J,I2,16
0.9,0.99,K,I2,15
0.9,0.99,L,I2,13
0.9,0.99,M,I2,11
0.9,0.99,D,I3,15
0.9,0.99,E,I3,14
0.9,0.99,F,I3,13
0.9,0.99,G,I3,12
0.9,0.99,H,I3,12
0.9,0.99,I,I3,11
0.9,0.99,J,I3,10
0.9,0.99,K,I3,9
0.9,0.99,L,I3,8
0.9,0.99,M,I3,7
1,1.49,D,IF,160
1,1.49,E,IF,125
1,1.49,F,IF,107
1,1.49,G,IF,82
1,1.49,H,IF,61
1,1.49,I,IF,52
1,1.49,J,IF,43
1,1.49,K,IF,36
1,1.49,L,IF,31
1,1.49,M,IF,27
1,1.49,D,VVS1,128
1,1.49,E,VVS1,111
1,1.49,F,VVS1,97
1,1.49,G,VVS1,74
1,1.49,H,VVS1,56
1,1.49,I,VVS1,47
1,1.49,J,VVS1,39
1,1.49,K,VVS1,33
1,1.49,L,VVS1,28
1,1.49,M,VVS1,25
1,1.49,D,VVS2,97
1,1.49,E,VVS2,88
1,1.49,F,VVS2,80
1,1.49,G,VVS2,67
1,1.49,H,VVS2,52
1,1.49,I,VVS2,44
1,1.49,J,VVS2,36
1,1.49,K,VVS2,31
1,1.49,L,VVS2,26
1,1.49,M,VVS2,24
1,1.49,D,VS1,83
1,1.49,E,VS1,75
1,1.49,F,VS1,68
1,1.49,G,VS1,59
1,1.49,H,VS1,49
1,1.49,I,VS1,41
1,1.49,J,VS1,33
1,1.49,K,VS1,29
1,1.49,L,VS1,25
1,1.49,M,VS1,23
1,1.49,D,VS2,69
1,1.49,E,VS2,62
1,1.49,F,VS2,56
1,1.49,G,VS2,51
1,1.49,H,VS2,46
1,1.49,I,VS2,38
1,1.49,J,VS2,31
1,1.49,K,VS2,27
1,1.49,L,VS2,23
1,1.49,M,VS2,21
1,1.49,D,SI1,52
1,1.49,E,SI1,48
1,1.49,F,SI1,45
1,1.49,G,SI1,41
1,1.49,H,SI1,38
1,1.49,I,SI1,34
1,1.49,J,SI1,28
1,1.49,K,SI1,25
1,1.49,L,SI1,21
1,1.49,M,SI1,19
1,1.49,D,SI2,41
1,1.49,E,SI2,38
1,1.49,F,SI2,35
1,1.49,G,SI2,33
1,1.49,H,SI2,31
1,1.49,I,SI2,29
1,1.49,J,SI2,25
1,1.49,K,SI2,23
1,1.49,L,SI2,20
1,1.49,M,SI2,18
1,1.49,D,SI3,36
1,1.49,E,SI3,33
1,1.49,F,SI3,31
1,1.49,G,SI3,29
1,1.49,H,SI3,28
1,1.49,I,SI3,26
1,1.49,J,SI3,23
1,1.49,K,SI3,22
1,1.49,L,SI3,19
1,1.49,M,SI3,17
1,1.49,D,I1,33
1,1.49,E,I1,31
1,1.49,F,I1,29
1,1.49,G,I1,27
1,1.49,H,I1,26
1,1.49,I,I1,24
1,1.49,J,I1,22
1,1.49,K,I1,21
1,1.49,L,I1,18
1,1.49,M,I1,16
1,1.49,D,I2,25
1,1.49,E,I2,24
1,1.49,F,I2,23
1,1.49,G,I2,22
1,1.49,H,I2,21
1,1.49,I,I2,20
1,1.49,J,I2,19
1,1.49,K,I2,18
1,1.49,L,I2,17
1,1.49,M,I2,16
1,1.49,D,I3,16
1,1.49,E,I3,15
1,1.49,F,I3,14
1,1.49,G,I3,13
1,1.49,H,I3,13
1,1.49,I,I3,12
1,1.49,J,I3,12
1,1.49,K,I3,11
1,1.49,L,I3,10
1,1.49,M,I3,10
1.5,1.99,D,IF,210
1.5,1.99,E,IF,188
1.5,1.99,F,IF,164
1.5,1.99,G,IF,136
1.5,1.99,H,IF,108
1.5,1.99,I,IF,87
1.5,1.99,J,IF,74
1.5,1.99,K,IF,63
1.5,1.99,L,IF,53
1.5,1.99,M,IF,46
1.5,1.99,D,VVS1,187
1.5,1.99,E,VVS1,173
1.5,1.99,F,VVS1,153
1.5,1.99,G,VVS1,126
1.5,1.99,H,VVS1,100
1.5,1.99,I,VVS1,81
1.5,1.99,J,VVS1,67
1.5,1.99,K,VVS1,56
1.5,1.99,L,VVS1,47
1.5,1.99,M,VVS1,41
1.5,1.99,D,VVS2,154
1.5,1.99,E,VVS2,143
1.5,1.99,F,VVS2,132
1.5,1.99,G,VVS2,114
1.5,1.99,H,VVS2,91
1.5,1.99,I,VVS2,73
1.5,1.99,J,VVS2,61
1.5,1.99,K,VVS2,51
1.5,1.99,L,VVS2,43
1.5,1.99,M,VVS2,39
1.5,1.99,D,VS1,134
1.5,1.99,E,VS1,122
1.5,1.99,F,VS1,114
1.5,1.99,G,VS1,99
1.5,1.99,H,VS1,81
1.5,1.99,I,VS1,68
1.5,1.99,J,VS1,57
1.5,1.99,K,VS1,47
1.5,1.99,L,VS1,40
1.5,1.99,M,VS1,36
1.5,1.99,D,VS2,120
1.5,1.99,E,VS2,110
1.5,1.99,F,VS2,103
1.5,1.99,G,VS2,89
1.5,1.99,H,VS2,74
1.5,1.99,I,VS2,63
1.5,1.99,J,VS2,53
1.5,1.99,K,VS2,44
1.5,1.99,L,VS2,38
1.5,1.99,M,VS2,34
1.5,1.99,D,SI1,93
1.5,1.99,E,SI1,86
1.5,1.99,F,SI1,81
1.5,1.99,G,SI1,75
1.5,1.99,H,SI1,66
1.5,1.99,I,SI1,56
1.5,1.99,J,SI1,48
1.5,1.99,K,SI1,40
1.5,1.99,L,SI1,35
1.5,1.99,M,SI1,32
1.5,1.99,D,SI2,75
1.5,1.99,E,SI2,68
1.5,1.99,F,SI2,64
1.5,1.99,G,SI2,60
1.5,1.99,H,SI2,55
1.5,1.99,I,SI2,51
1.5,1.99,J,SI2,43
1.5,1.99,K,SI2,37
1.5,1.99,L,SI2,33
1.5,1.99,M,SI2,30
1.5,1.99,D,SI3,66
1.5,1.99,E,SI3,60
1.5,1.99,F,SI3,57
1.5,1.99,G,SI3,54
1.5,1.99,H,SI3,50
1.5,1.99,I,SI3,46
1.5,1.99,J,SI3,39
1.5,1.99,K,SI3,34
1.5,1.99,L,SI3,31
1.5,1.99,M,SI3,28
1.5,1.99,D,I1,55
1.5,1.99,E,I1,52
1.5,1.99,F,I1,49
1.5,1.99,G,I1,46
1.5,1.99,H,I1,42
1.5,1.99,I,I1,39
1.5,1.99,J,I1,35
1.5,1.99,K,I1,31
1.5,1.99,L,I1,29
1.5,1.99,M,I1,27
1.5,1.99,D,I2,35
1.5,1.99,E,I2,33
1.5,1.99,F,I2,32
1.5,1.99,G,I2,30
1.5,1.99,H,I2,29
1.5,1.99,I,I2,27
1.5,1.99,J,I2,26
1.5,1.99,K,I2,24
1.5,1.99,L,I2,23
1.5,1.99,M,I2,22
1.5,1.99,D,I3,18
1.5,1.99,E,I3,17
1.5,1.99,F,I3,16
1.5,1.99,G,I3,15
1.5,1.99,H,I3,15
1.5,1.99,I,I3,14
1.5,1.99,J,I3,14
1.5,1.99,K,I3,13
1.5,1.99,L,I3,12
1.5,1.99,M,I3,12
2,2.99,D,IF,330
2,2.99,E,IF,270
2,2.99,F,IF,245
2,2.99,G,IF,205
2,2.99,H,IF,165
2,2.99,I,IF,135
2,2.99,J,IF,109
2,2.99,K,IF,91
2,2.99,L,IF,78
2,2.99,M,IF,68
2,2.99,D,VVS1,275
2,2.99,E,VVS1,245
2,2.99,F,VVS1,220
2,2.99,G,VVS1,185
2,2.99,H,VVS1,150
2,2.99,I,VVS1,120
2,2.99,J,VVS1,99
2,2.99,K,VVS1,83
2,2.99,L,VVS1,71
2,2.99,M,VVS1,63
2,2.99,D,VVS2,235
2,2.99,E,VVS2,210
2,2.99,F,VVS2,195
2,2.99,G,VVS2,165
2,2.99,H,VVS2,135
2,2.99,I,VVS2,110
2,2.99,J,VVS2,91
2,2.99,K,VVS2,76
2,2.99,L,VVS2,66
2,2.99,M,VVS2,57
2,2.99,D,VS1,205
2,2.99,E,VS1,190
2,2.99,F,VS1,175
2,2.99,G,VS1,150
2,2.99,H,VS1,125
2,2.99,I,VS1,100
2,2.99,J,VS1,84
2,2.99,K,VS1,70
2,2.99,L,VS1,61
2,2.99,M,VS1,54
2,2.99,D,VS2,175
2,2.99,E,VS2,160
2,2.99,F,VS2,150
2,2.99,G,VS2,135
2,2.99,H,VS2,115
2,2.99,I,VS2,93
2,2.99,J,VS2,76
2,2.99,K,VS2,63
2,2.99,L,VS2,54
2,2.99,M,VS2,48
2,2.99,D,SI1,141
2,2.99,E,SI1,132
2,2.99,F,SI1,123
2,2.99,G,SI1,112
2,2.99,H,SI1,104
2,2.99,I,SI1,86
2,2.99,J,SI1,69
2,2.99,K,SI1,57
2,2.99,L,SI1,50
2,2.99,M,SI1,45
2,2.99,D,SI2,113
2,2.99,E,SI2,105
2,2.99,F,SI2,98
2,2.99,G,SI2,92
2,2.99,H,SI2,86
2,2.99,I,SI2,78
2,2.99,J,SI2,63
2,2.99,K,SI2,53
2,2.99,L,SI2,46
2,2.99,M,SI2,42
2,2.99,D,SI3,95
2,2.99,E,SI3,88
2,2.99,F,SI3,83
2,2.99,G,SI3,77
2,2.99,H,SI3,71
2,2.99,I,SI3,66
2,2.99,J,SI3,57
2,2.99,K,SI3,50
2,2.99,L,SI3,43
2,2.99,M,SI3,40
2,2.99,D,I1,80
2,2.99,E,I1,76
2,2.99,F,I1,72
2,2.99,G,I1,68
2,2.99,H,I1,65
2,2.99,I,I1,61
2,2.99,J,I1,54
2,2.99,K,I1,47
2,2.99,L,I1,40
2,2.99,M,I1,38
2,2.99,D,I2,41
2,2.99,E,I2,39
2,2.99,F,I2,37
2,2.99,G,I2,35
2,2.99,H,I2,33
2,2.99,I,I2,31
2,2.99,J,I2,29
2,2.99,K,I2,28
2,2.99,L,I2,27
2,2.99,M,I2,26
2,2.99,D,I3,19
2,2.99,E,I3,18
2,2.99,F,I3,17
2,2.99,G,I3,16
2,2.99,H,I3,15
2,2.99,I,I3,15
2,2.99,J,I3,14
2,2.99,K,I3,14
2,2.99,L,I3,13
2,2.99,M,I3,13
3,3.99,D,IF,550
3,3.99,E,IF,450
3,3.99,F,IF,405
3,3.99,G,IF,335
3,3.99,H,IF,270
3,3.99,I,IF,220
3,3.99,J,IF,175
3,3.99,K,IF,145
3,3.99,L,IF,117
3,3.99,M,IF,95
3,3.99,D,VVS1,460
3,3.99,E,VVS1,420
3,3.99,F,VVS1,375
3,3.99,G,VVS1,315
3,3.99,H,VVS1,250
3,3.99,I,VVS1,205
3,3.99,J,VVS1,165
3,3.99,K,VVS1,135
3,3.99,L,VVS1,111
3,3.99,M,VVS1,91
3,3.99,D,VVS2,410
3,3.99,E,VVS2,370
3,3.99,F,VVS2,335
3,3.99,G,VVS2,280
3,3.99,H,VVS2,225
3,3.99,I,VVS2,190
3,3.99,J,VVS2,150
3,3.99,K,VVS2,125
3,3.99,L,VVS2,107
3,3.99,M,VVS2,87
3,3.99,D,VS1,350
3,3.99,E,VS1,320
3,3.99,F,VS1,295
3,3.99,G,VS1,245
3,3.99,H,VS1,205
3,3.99,I,VS1,175
3,3.99,J,VS1,140
3,3.99,K,VS1,120
3,3.99,L,VS1,103
3,3.99,M,VS1,83
3,3.99,D,VS2,295
3,3.99,E,VS2,265
3,3.99,F,VS2,245
3,3.99,G,VS2,210
3,3.99,H,VS2,185
3,3.99,I,VS2,160
3,3.99,J,VS2,130
3,3.99,K,VS2,110
3,3.99,L,VS2,95
3,3.99,M,VS2,79
3,3.99,D,SI1,235
3,3.99,E,SI1,210
3,3.99,F,SI1,195
3,3.99,G,SI1,180
3,3.99,H,SI1,160
3,3.99,I,SI1,140
3,3.99,J,SI1,120
3,3.99,K,SI1,103
3,3.99,L,SI1,90
3,3.99,M,SI1,75
3,3.99,D,SI2,200
3,3.99,E,SI2,185
3,3.99,F,SI2,170
3,3.99,G,SI2,155
3,3.99,H,SI2,135
3,3.99,I,SI2,120
3,3.99,J,SI2,110
3,3.99,K,SI2,97
3,3.99,L,SI2,82
3,3.99,M,SI2,67
3,3.99,D,SI3,139
3,3.99,E,SI3,131
3,3.99,F,SI3,124
3,3.99,G,SI3,112
3,3.99,H,SI3,101
3,3.99,I,SI3,92
3,3.99,J,SI3,84
3,3.99,K,SI3,76
3,3.99,L,SI3,65
3,3.99,M,SI3,58
3,3.99,D,I1,103
3,3.99,E,I1,98
3,3.99,F,I1,93
3,3.99,G,I1,87
3,3.99,H,I1,82
3,3.99,I,I1,77
3,3.99,J,I1,71
3,3.99,K,I1,62
3,3.99,L,I1,55
3,3.99,M,I1,47
3,3.99,D,I2,49
3,3.99,E,I2,47
3,3.99,F,I2,45
3,3.99,G,I2,43
3,3.99,H,I2,41
3,3.99,I,I2,38
3,3.99,J,I2,35
3,3.99,K,I2,33
3,3.99,L,I2,31
3,3.99,M,I2,30
3,3.99,D,I3,21
3,3.99,E,I3,20
3,3.99,F,I3,19
3,3.99,G,I3,18
3,3.99,H,I3,17
3,3.99,I,I3,16
3,3.99,J,I3,15
3,3.99,K,I3,15
3,3.99,L,I3,14
3,3.99,M,I3,14
4,4.99,D,IF,745
4,4.99,E,IF,625
4,4.99,F,IF,565
4,4.99,G,IF,465
4,4.99,H,IF,360
4,4.99,I,IF,280
4,4.99,J,IF,225
4,4.99,K,IF,185
4,4.99,L,IF,150
4,4.99,M,IF,125
4,4.99,D,VVS1,645
4,4.99,E,VVS1,585
4,4.99,F,VVS1,520
4,4.99,G,VVS1,430
4,4.99,H,VVS1,335
4,4.99,I,VVS1,260
4,4.99,J,VVS1,210
4,4.99,K,VVS1,175
4,4.99,L,VVS1,140
4,4.99,M,VVS1,115
4,4.99,D,VVS2,585
4,4.99,E,VVS2,525
4,4.99,F,VVS2,475
4,4.99,G,VVS2,395
4,4.99,H,VVS2,315
4,4.99,I,VVS2,245
4,4.99,J,VVS2,195
4,4.99,K,VVS2,160
4,4.99,L,VVS2,130
4,4.99,M,VVS2,105
4,4.99,D,VS1,495
4,4.99,E,VS1,450
4,4.99,F,VS1,410
4,4.99,G,VS1,360
4,4.99,H,VS1,295
4,4.99,I,VS1,230
4,4.99,J,VS1,185
4,4.99,K,VS1,150
4,4.99,L,VS1,120
4,4.99,M,VS1,100
4,4.99,D,VS2,415
4,4.99,E,VS2,390
4,4.99,F,VS2,355
4,4.99,G,VS2,315
4,4.99,H,VS2,260
4,4.99,I,VS2,210
4,4.99,J,VS2,170
4,4.99,K,VS2,140
4,4.99,L,VS2,115
4,4.99,M,VS2,95
4,4.99,D,SI1,315
4,4.99,E,SI1,295
4,4.99,F,SI1,275
4,4.99,G,SI1,245
4,4.99,H,SI1,215
4,4.99,I,SI1,190
4,4.99,J,SI1,155
4,4.99,K,SI1,130
4,4.99,L,SI1,105
4,4.99,M,SI1,90
4,4.99,D,SI2,255
4,4.99,E,SI2,240
4,4.99,F,SI2,225
4,4.99,G,SI2,200
4,4.99,H,SI2,180
4,4.99,I,SI2,160
4,4.99,J,SI2,140
4,4.99,K,SI2,120
4,4.99,L,SI2,100
4,4.99,M,SI2,80
4,4.99,D,SI3,155
4,4.99,E,SI3,145
4,4.99,F,SI3,138
4,4.99,G,SI3,127
4,4.99,H,SI3,114
4,4.99,I,SI3,105
4,4.99,J,SI3,95
4,4.99,K,SI3,83
4,4.99,L,SI3,73
4,4.99,M,SI3,65
4,4.99,D,I1,111
4,4.99,E,I1,106
4,4.99,F,I1,101
4,4.99,G,I1,95
4,4.99,H,I1,90
4,4.99,I,I1,86
4,4.99,J,I1,75
4,4.99,K,I1,66
4,4.99,L,I1,59
4,4.99,M,I1,50
4,4.99,D,I2,54
4,4.99,E,I2,52
4,4.99,F,I2,50
4,4.99,G,I2,47
4,4.99,H,I2,44
4,4.99,I,I2,41
4,4.99,J,I2,39
4,4.99,K,I2,36
4,4.99,L,I2,34
4,4.99,M,I2,32
4,4.99,D,I3,23
4,4.99,E,I3,22
4,4.99,F,I3,21
4,4.99,G,I3,20
4,4.99,H,I3,19
4,4.99,I,I3,18
4,4.99,J,I3,17
4,4.99,K,I3,17
4,4.99,L,I3,16
4,4.99,M,I3,16
5,5.99,D,IF,1000
5,5.99,E,IF,835
5,5.99,F,IF,730
5,5.99,G,IF,605
5,5.99,H,IF,480
5,5.99,I,IF,365
5,5.99,J,IF,280
5,5.99,K,IF,220
5,5.99,L,IF,180
5,5.99,M,IF,150
5,5.99,D,VVS1,855
5,5.99,E,VVS1,750
5,5.99,F,VVS1,670
5,5.99,G,VVS1,555
5,5.99,H,VVS1,445
5,5.99,I,VVS1,345
5,5.99,J,VVS1,260
5,5.99,K,VVS1,210
5,5.99,L,VVS1,165
5,5.99,M,VVS1,140
5,5.99,D,VVS2,770
5,5.99,E,VVS2,670
5,5.99,F,VVS2,595
5,5.99,G,VVS2,505
5,5.99,H,VVS2,400
5,5.99,I,VVS2,315
5,5.99,J,VVS2,240
5,5.99,K,VVS2,195
5,5.99,L,VVS2,155
5,5.99,M,VVS2,130
5,5.99,D,VS1,690
5,5.99,E,VS1,595
5,5.99,F,VS1,540
5,5.99,G,VS1,460
5,5.99,H,VS1,360
5,5.99,I,VS1,290
5,5.99,J,VS1,220
5,5.99,K,VS1,180
5,5.99,L,VS1,150
5,5.99,M,VS1,125
5,5.99,D,VS2,580
5,5.99,E,VS2,520
5,5.99,F,VS2,465
5,5.99,G,VS2,395
5,5.99,H,VS2,325
5,5.99,I,VS2,255
5,5.99,J,VS2,205
5,5.99,K,VS2,170
5,5.99,L,VS2,140
5,5.99,M,VS2,120
5,5.99,D,SI1,430
5,5.99,E,SI1,395
5,5.99,F,SI1,360
5,5.99,G,SI1,320
5,5.99,H,SI1,265
5,5.99,I,SI1,225
5,5.99,J,SI1,195
5,5.99,K,SI1,165
5,5.99,L,SI1,135
5,5.99,M,SI1,110
5,5.99,D,SI2,315
5,5.99,E,SI2,295
5,5.99,F,SI2,280
5,5.99,G,SI2,260
5,5.99,H,SI2,225
5,5.99,I,SI2,195
5,5.99,J,SI2,170
5,5.99,K,SI2,150
5,5.99,L,SI2,125
5,5.99,M,SI2,100
5,5.99,D,SI3,175
5,5.99,E,SI3,170
5,5.99,F,SI3,160
5,5.99,G,SI3,150
5,5.99,H,SI3,140
5,5.99,I,SI3,130
5,5.99,J,SI3,120
5,5.99,K,SI3,110
5,5.99,L,SI3,100
5,5.99,M,SI3,80
5,5.99,D,I1,125
5,5.99,E,I1,120
5,5.99,F,I1,115
5,5.99,G,I1,110
5,5.99,H,I1,100
5,5.99,I,I1,95
5,5.99,J,I1,88
5,5.99,K,I1,81
5,5.99,L,I1,69
5,5.99,M,I1,60
5,5.99,D,I2,60
5,5.99,E,I2,57
5,5.99,F,I2,54
5,5.99,G,I2,51
5,5.99,H,I2,48
5,5.99,I,I2,46
5,5.99,J,I2,43
5,5.99,K,I2,41
5,5.99,L,I2,37
5,5.99,M,I2,34
5,5.99,D,I3,25
5,5.99,E,I3,23
5,5.99,F,I3,22
5,5.99,G,I3,21
5,5.99,H,I3,21
5,5.99,I,I3,20
5,5.99,J,I3,19
5,5.99,K,I3,18
5,5.99,L,I3,17
5,5.99,M,I3,16
10,10.99,D,IF,1400
10,10.99,E,IF,1270
10,10.99,F,IF,1110
10,10.99,G,IF,930
10,10.99,H,IF,750
10,10.99,I,IF,570
10,10.99,J,IF,440
10,10.99,K,IF,345
10,10.99,L,IF,270
10,10.99,M,IF,225
10,10.99,D,VVS1,1300
10,10.99,E,VVS1,1160
10,10.99,F,VVS1,1040
10,10.99,G,VVS1,865
10,10.99,H,VVS1,695
10,10.99,I,VVS1,535
10,10.99,J,VVS1,405
10,10.99,K,VVS1,325
10,10.99,L,VVS1,255
10,10.99,M,VVS1,210
10,10.99,D,VVS2,1200
10,10.99,E,VVS2,1030
10,10.99,F,VVS2,930
10,10.99,G,VVS2,785
10,10.99,H,VVS2,630
10,10.99,I,VVS2,495
10,10.99,J,VVS2,375
10,10.99,K,VVS2,300
10,10.99,L,VVS2,240
10,10.99,M,VVS2,195
10,10.99,D,VS1,1070
10,10.99,E,VS1,930
10,10.99,F,VS1,835
10,10.99,G,VS1,715
10,10.99,H,VS1,565
10,10.99,I,VS1,460
10,10.99,J,VS1,350
10,10.99,K,VS1,275
10,10.99,L,VS1,225
10,10.99,M,VS1,185
10,10.99,D,VS2,900
10,10.99,E,VS2,820
10,10.99,F,VS2,715
10,10.99,G,VS2,610
10,10.99,H,VS2,500
10,10.99,I,VS2,405
10,10.99,J,VS2,325
10,10.99,K,VS2,255
10,10.99,L,VS2,210
10,10.99,M,VS2,175
10,10.99,D,SI1,635
10,10.99,E,SI1,585
10,10.99,F,SI1,535
10,10.99,G,SI1,485
10,10.99,H,SI1,405
10,10.99,I,SI1,340
10,10.99,J,SI1,285
10,10.99,K,SI1,235
10,10.99,L,SI1,195
10,10.99,M,SI1,165
10,10.99,D,SI2,465
10,10.99,E,SI2,430
10,10.99,F,SI2,400
10,10.99,G,SI2,370
10,10.99,H,SI2,325
10,10.99,I,SI2,275
10,10.99,J,SI2,235
10,10.99,K,SI2,200
10,10.99,L,SI2,165
10,10.99,M,SI2,140
10,10.99,D,SI3,250
10,10.99,E,SI3,235
10,10.99,F,SI3,220
10,10.99,G,SI3,205
10,10.99,H,SI3,185
10,10.99,I,SI3,170
10,10.99,J,SI3,150
10,10.99,K,SI3,135
10,10.99,L,SI3,120
10,10.99,M,SI3,105
10,10.99,D,I1,140
10,10.99,E,I1,135
10,10.99,F,I1,130
10,10.99,G,I1,125
10,10.99,H,I1,120
10,10.99,I,I1,115
10,10.99,J,I1,110
10,10.99,K,I1,100
10,10.99,L,I1,85
10,10.99,M,I1,75
10,10.99,D,I2,66
10,10.99,E,I2,63
10,10.99,F,I2,60
10,10.99,G,I2,57
10,10.99,H,I2,55
10,10.99,I,I2,52
10,10.99,J,I2,49
10,10.99,K,I2,47
10,10.99,L,I2,45
10,10.99,M,I2,43
10,10.99,D,I3,27
10,10.99,E,I3,26
10,10.99,F,I3,25
10,10.99,G,I3,24
10,10.99,H,I3,23
10,10.99,I,I3,22
10,10.99,J,I3,21
10,10.99,K,I3,20
10,10.99,L,I3,19
10,10.99,M,I3,18
